Link Name,Center of Mass X,Center of Mass Y,Center of Mass Z,Center of Mass Roll,Center of Mass Pitch,Center of Mass Yaw,Mass,Moment Ixx,Moment Ixy,Moment Ixz,Moment Iyy,Moment Iyz,Moment Izz,Visual X,Visual Y,Visual Z,Visual Roll,Visual Pitch,Visual Yaw,Mesh Filename,Color Red,Color Green,Color Blue,Color Alpha,Collision X,Collision Y,Collision Z,Collision Roll,Collision Pitch,Collision Yaw,Collision Mesh Filename,Material Name,SW Components,Coordinate System,Axis Name,Joint Name,Joint Type,Joint Origin X,Joint Origin Y,Joint Origin Z,Joint Origin Roll,Joint Origin Pitch,Joint Origin Yaw,Parent,Joint Axis X,Joint Axis Y,Joint Axis Z,Limit Effort,Limit Velocity,Limit Lower,Limit Upper,Calibration rising,Calibration falling,Dynamics Damping,Dynamics Friction,Safety Soft Upper,Safety Soft Lower,Safety K Position,Safety K Velocity
base_link,0.0318500736747143,0.134408250107984,0.0750627469843922,0,0,0,4.4369989053719,0.0534569240130588,-3.30723388260079E-07,4.79864524194541E-08,0.104475699867926,-9.80613282542415E-06,0.0545985762807044,0,0,0,0,0,0,package://HEI_robot_urdf/meshes/base_link.STL,0.792156862745098,0.819607843137255,0.933333333333333,1,0,0,0,0,0,0,package://HEI_robot_urdf/meshes/base_link.STL,,part_dipan_3-3;part_danpan_dm_zhijia_dayin-3;part_dipan_1-2;part_dipan_1-1;part_danpan_dm_zhijia_dayin-4;part_dipan_3-1-1;电池盒子-1/part_dianchi_ke_1-1;part_danpan_dm_zhijia_dayin-1;part_dipan_3-1;part_danpan_dm_zhijia_dayin-2;part_dipan_3-2;DM_4340P_banjin_falan-2;DM_4340P_banjin_falan-1;DM_4340P_banjin_falan-3;DM_4340P_banjin_falan-4,Origin_global,,,,0,0,0,0,0,0,,0,0,0,,,,,,,,,,,,
front_left_wheel_link,-3.40416028699053E-11,-1.2340328758853E-10,0.00558469119775667,0,0,0,0.00163612324488368,1.88759304768016E-08,3.15639584624597E-19,-5.44754681647822E-19,1.8875930482979E-08,8.54108361007486E-19,3.18228195584568E-08,0,0,0,0,0,0,package://HEI_robot_urdf/meshes/front_left_wheel_link.STL,0.776470588235294,0.756862745098039,0.737254901960784,1,0,0,0,0,0,0,package://HEI_robot_urdf/meshes/front_left_wheel_link.STL,,base_part_7-3,zuo_lun_4,Axis_front_left_wheel_joint,front_left_wheel_joint,continuous,-0.191724182567996,0.165869894313329,0.119,1.5707963267949,0,-2.35619449019236,base_link,0,0,1,,,,,,,,,,,,
front_right_wheel_link,-6.06419775506239E-11,1.12732961854434E-10,0.00558469119775862,0,0,0,0.00163612324488367,1.8875930479435E-08,-3.07122001225964E-18,9.83833731319545E-19,1.88759304803454E-08,-2.41296568488576E-19,3.18228195584566E-08,0,0,0,0,0,0,package://HEI_robot_urdf/meshes/front_right_wheel_link.STL,0.776470588235294,0.756862745098039,0.737254901960784,1,0,0,0,0,0,0,package://HEI_robot_urdf/meshes/front_right_wheel_link.STL,,base_part_7-2,zuo_lun_1,Axis_front_right_wheel_joint,front_right_wheel_joint,continuous,0.25544381896979,0.165869894313322,0.118999999999999,1.5707963267949,0,2.35619449019222,base_link,0,0,1,,,,,,,,,,,,
rear_left_wheel_link,-6.06427408289534E-11,1.12737277846442E-10,0.00558469119775673,0,0,0,0.00163612324488369,1.88759304794348E-08,-3.07117789909814E-18,9.83961944314491E-19,1.88759304803456E-08,-2.41218771352092E-19,3.18228195584566E-08,0,0,0,0,0,0,package://HEI_robot_urdf/meshes/rear_left_wheel_link.STL,0.776470588235294,0.756862745098039,0.737254901960784,1,0,0,0,0,0,0,package://HEI_robot_urdf/meshes/rear_left_wheel_link.STL,,base_part_7-4,zuo_lun_3,Axis_rear_left_wheel_joint,rear_left_wheel_joint,continuous,-0.191724182567998,-0.281298107224456,0.119000000000001,1.5707963267949,0,-0.785398163397458,base_link,0,0,1,,,,,,,,,,,,
rear_right_wheel_link,-6.06426853178021E-11,1.12736875390596E-10,0.00558469119775673,0,0,0,0.00163612324488366,1.88759304794344E-08,-3.07131915366057E-18,9.83876744711398E-19,1.88759304803455E-08,-2.41240256729967E-19,3.18228195584561E-08,0,0,0,0,0,0,package://HEI_robot_urdf/meshes/rear_right_wheel_link.STL,0.776470588235294,0.756862745098039,0.737254901960784,1,0,0,0,0,0,0,package://HEI_robot_urdf/meshes/rear_right_wheel_link.STL,,base_part_7-1,zuo_lun_2,Axis_rear_right_wheel_joint,rear_right_wheel_joint,continuous,0.25544381896978,-0.281298107224448,0.118999999999994,1.57079632679489,0,0.785398163397448,base_link,0,0,1,,,,,,,,,,,,
lidar_link,-0.00250804290421403,6.44352150802607E-09,0.0171069574143055,0,0,0,0.0374330181560157,2.80527421123996E-05,8.96073907930786E-12,-1.0709275181498E-06,3.36147766904905E-05,8.84916390823578E-13,4.50876793126628E-05,0,0,0,0,0,0,package://HEI_robot_urdf/meshes/lidar_link.STL,0.376470588235294,0.376470588235294,0.376470588235294,1,0,0,0,0,0,0,package://HEI_robot_urdf/meshes/lidar_link.STL,,part_M10-1,zuo_leida,Axis_lidar_joint,lidar_joint,fixed,0.0318598182009012,0.152285893544438,0.19,0,0,1.57079632679488,base_link,0,0,0,,,,,,,,,,,,
imu_link,1.64769300436962E-06,1.64769301196077E-06,0.00499999999999999,0,0,0,0.0357486725877128,1.09646256941373E-05,-2.1575682505017E-12,-6.95613629337452E-23,1.10235305563921E-05,-2.3351409626541E-20,2.13923450407342E-05,0,0,0,0,0,0,package://HEI_robot_urdf/meshes/imu_link.STL,0.792156862745098,0.819607843137255,0.933333333333333,1,0,0,0,0,0,0,package://HEI_robot_urdf/meshes/imu_link.STL,,part_imu-1,zuo_imu,Axis_imu_joint,imu_joint,fixed,0.0318598182009012,0.152285893544438,0.0850000000000001,0,0,1.57079632679488,base_link,0,0,0,,,,,,,,,,,,
lift_column_link,-0.00435168272787461,0.469610437281469,0.0952387774941474,0,0,0,2.88486740861506,0.143825714214235,-6.37112277282347E-05,-5.52961048043683E-05,0.0267464980915521,0.00507317426129218,0.159229863944493,0,0,0,0,0,0,package://HEI_robot_urdf/meshes/lift_column_link.STL,0.792156862745098,0.819607843137255,0.933333333333333,1,0,0,0,0,0,0,package://HEI_robot_urdf/meshes/lift_column_link.STL,,part_waike_2-1;part_waike_5-1;waike_pingmu-1;part_waike_3-1;part_shengjiang_2-1;part_shengjiang_6-1,Origin_lift_column_joint,,lift_column_joint,fixed,0.03186,-0.032214,0.19,1.5708,0,0,base_link,0,0,0,,,,,,,,,,,,
lift_carriage_link,0.0756204015645276,0.00224613261704043,0.0109761810755997,0,0,0,1.54411126706519,0.023272567160222,8.7394684779108E-07,-4.60225522879708E-05,0.00450453239541089,-3.3213387554775E-07,0.0209762257026831,0,0,0,0,0,0,package://HEI_robot_urdf/meshes/lift_carriage_link.STL,0.792156862745098,0.819607843137255,0.933333333333333,1,0,0,0,0,0,0,package://HEI_robot_urdf/meshes/lift_carriage_link.STL,,part_yaobu_3-1;part_shengjiang_pingtai_2-1;part_shengjiang_pingtai_1-1;part_yaobu_1-1;part_xiangji_1-1;part_cam-3;part_shengjiang_1-1,zou_lift,,lift_joint,prismatic,0,0.87,0.0255,1.5708,1.5708,0,lift_column_link,0,0,1,0,0,-0.7,0,,,,,,,,
a_right_base_link,6.56684538122981E-06,-2.07448643286812E-05,0.0349662004906963,0,0,0,0.402787177092637,0.000374256576636248,-1.90777786170652E-09,-1.15068620093225E-08,0.000359871786362004,-2.18240539415563E-07,0.000506483114170149,0,0,0,0,0,0,package://HEI_robot_urdf/meshes/a_right_base_link.STL,0.627450980392157,0.627450980392157,0.627450980392157,1,0,0,0,0,0,0,package://HEI_robot_urdf/meshes/a_right_base_link.STL,,reBot_B601_DM_v1.1_20260425-2/01-BASE-1_ASM-1/2026-04-01-17-13-05-853-1/1-BASE-UP-1-1;reBot_B601_DM_v1.1_20260425-2/01-BASE-1_ASM-1/2026-04-01-17-17-26-979-1/DM-J4340P-1;reBot_B601_DM_v1.1_20260425-2/01-BASE-1_ASM-1/2026-04-01-17-19-22-932-1/2-M1-STATOR-1-1,right_zuo_0,,a_right_base_mount,fixed,0.096,-0.23,-0.056,0,0,0,lift_carriage_link,0,0,0,,,,,,,,,,,,
a_right_link1,9.64709983311621E-05,-0.000526979727385357,0.0539265681374985,0,0,0,0.0833530095742827,8.53528283543593E-05,-5.3608177147116E-11,-8.18788922955246E-06,5.08845821808861E-05,-1.61537960554637E-10,8.03432758912898E-05,0,0,0,0,0,0,package://HEI_robot_urdf/meshes/a_right_link1.STL,0.627450980392157,0.627450980392157,0.627450980392157,1,0,0,0,0,0,0,package://HEI_robot_urdf/meshes/a_right_link1.STL,,reBot_B601_DM_v1.1_20260425-2/2026-04-01-16-48-42-413-1/2026-04-01-17-24-05-844-1/2-M1-ROTOR-1-1;reBot_B601_DM_v1.1_20260425-2/2026-04-01-16-48-42-413-1/2026-04-01-17-24-05-844-1/2-U-PLATE-1-1;reBot_B601_DM_v1.1_20260425-2/2026-04-01-16-48-42-413-1/2026-04-01-17-26-50-842-1/1-SPACE-1-1;reBot_B601_DM_v1.1_20260425-2/2026-04-01-16-48-42-413-1/2026-04-01-17-24-05-844-1/2-SHAFT-SLEEVE-ROTATOR-1-1;reBot_B601_DM_v1.1_20260425-2/2026-04-01-16-48-42-413-1/2026-04-01-17-24-05-844-1/2-SHAFT-SLEEVE-STATOR-1-1,right_zuo_1,zhou_right_1,a_right_joint1,revolute,0,0,0.0365,0,0,0,a_right_base_link,0,0,1,0,0,-1.57,0,,,,,,,,
a_right_link2,-0.132246385887772,-0.00387496570683443,0.00306722076781929,0,0,0,0.705349739064212,0.000249882750763378,-2.55422610662233E-09,1.60716174542424E-06,0.00185984071077908,4.36546052597218E-07,0.00186307603889592,0,0,0,0,0,0,package://HEI_robot_urdf/meshes/a_right_link2.STL,0.627450980392157,0.627450980392157,0.627450980392157,1,0,0,0,0,0,0,package://HEI_robot_urdf/meshes/a_right_link2.STL,,reBot_B601_DM_v1.1_20260425-2/02-LINK-1_ASM-1/2026-04-01-17-28-59-434-1/DM-J4340P-2;reBot_B601_DM_v1.1_20260425-2/02-LINK-1_ASM-1/2026-04-01-17-30-12-212-1/2-SPACE-STATOR-1-1;reBot_B601_DM_v1.1_20260425-2/02-LINK-1_ASM-1/2026-04-01-17-30-12-212-1/2-LINK-1-ARM-2;reBot_B601_DM_v1.1_20260425-2/02-LINK-1_ASM-1/2026-04-01-17-30-12-212-1/2-LINK-1-ARM-1;reBot_B601_DM_v1.1_20260425-2/02-LINK-1_ASM-1/2026-04-01-17-35-08-724-1/1-DOWN-DECORATION-R-1;reBot_B601_DM_v1.1_20260425-2/02-LINK-1_ASM-1/2026-04-01-17-35-08-724-1/1-DOWN-COVER-1;reBot_B601_DM_v1.1_20260425-2/02-LINK-1_ASM-1/2026-04-01-17-35-08-724-1/1-SPACE-DOWN-1;reBot_B601_DM_v1.1_20260425-2/02-LINK-1_ASM-1/2026-04-01-17-35-08-724-1/1-DOWN-DECORATION-L-1;reBot_B601_DM_v1.1_20260425-2/02-LINK-1_ASM-1/2026-04-01-17-28-59-434-1/DM-J4340P-1;reBot_B601_DM_v1.1_20260425-2/02-LINK-1_ASM-1/2026-04-01-17-30-12-212-1/2-SPACE-STATOR-1-2,right_zuo_2,zhou_right_2,a_right_joint2,revolute,0.02,0.004675,0.0897,0,0,0,a_right_link1,0,1,0,0,0,-1.57,0,,,,,,,,
a_right_link3,0.123498314020929,-0.00389750455678084,0.0542348768186509,0,0,0,0.52520909407384,0.000161467955175264,3.3513241318852E-06,-1.41844103967725E-05,0.00126550810793695,2.92510033475859E-07,0.00125894966788169,0,0,0,0,0,0,package://HEI_robot_urdf/meshes/a_right_link3.STL,0.627450980392157,0.627450980392157,0.627450980392157,1,0,0,0,0,0,0,package://HEI_robot_urdf/meshes/a_right_link3.STL,,reBot_B601_DM_v1.1_20260425-2/03-LINK-2_ASM-1/2026-04-01-17-44-53-197-1/2-CONNECTING-ROD-1-L-1;reBot_B601_DM_v1.1_20260425-2/03-LINK-2_ASM-1/2026-04-01-17-44-53-197-1/2-CONNECTING-ROD-1-R-1;reBot_B601_DM_v1.1_20260425-2/03-LINK-2_ASM-1/2026-04-01-17-46-12-194-1/2-SPACE-UP-1;reBot_B601_DM_v1.1_20260425-2/03-LINK-2_ASM-1/2026-04-01-17-46-12-194-1/1-HANDLE-1;reBot_B601_DM_v1.1_20260425-2/03-LINK-2_ASM-1/2026-04-01-17-44-53-197-1/1-LINK-2-ARM-L-1;reBot_B601_DM_v1.1_20260425-2/03-LINK-2_ASM-1/2026-04-01-17-44-53-197-1/2-LINK-2-ARM-R-1;reBot_B601_DM_v1.1_20260425-2/03-LINK-2_ASM-1/2026-04-01-17-46-12-194-1/1-UP-COVER-1;reBot_B601_DM_v1.1_20260425-2/03-LINK-2_ASM-1/2026-04-01-17-46-12-194-1/1-UP-DECORATION-R-1;reBot_B601_DM_v1.1_20260425-2/03-LINK-2_ASM-1/2026-04-01-17-46-12-194-1/1-UP-DECORATION-L-1;reBot_B601_DM_v1.1_20260425-2/03-LINK-2_ASM-1/2026-04-01-17-43-51-870-1/DM-J4310-1;reBot_B601_DM_v1.1_20260425-2/03-LINK-2_ASM-1/2026-04-01-17-44-53-197-1/2-SPACE-STATOR-1-1;reBot_B601_DM_v1.1_20260425-2/03-LINK-2_ASM-1/2026-04-01-17-44-53-197-1/2-SHAFT-SLEEVE-ROTATOR-1-1;reBot_B601_DM_v1.1_20260425-2/04-LINK-3_ASM-1/2026-04-01-17-54-20-953-1/2-SHAFT-SLEEVE-ROTATOR-1-1;reBot_B601_DM_v1.1_20260425-2/03-LINK-2_ASM-1/2026-04-01-17-44-53-197-1/2-SHAFT-SLEEVE-STATOR-1-2,right_zuo_3,zhou_right_3,a_right_joint3,revolute,-0.264,0,0,0,0,0,a_right_link2,0,1,0,0,0,-1.57,0,,,,,,,,
a_right_link4,0.0635507417115015,-0.00290463621996007,0.0533154391743242,0,0,0,0.182914560739641,7.12103369832021E-05,5.19327999729282E-08,-1.1230185566681E-05,9.99749214822409E-05,2.21796444299127E-07,0.0001122968649097,0,0,0,0,0,0,package://HEI_robot_urdf/meshes/a_right_link4.STL,0.627450980392157,0.627450980392157,0.627450980392157,1,0,0,0,0,0,0,package://HEI_robot_urdf/meshes/a_right_link4.STL,,reBot_B601_DM_v1.1_20260425-2/04-LINK-3_ASM-1/2026-04-01-17-54-20-953-1/2-CONNECTING-ROD-2-L-1;reBot_B601_DM_v1.1_20260425-2/04-LINK-3_ASM-1/2026-04-01-17-54-20-953-1/2-CONNECTING-ROD-2-R-1;reBot_B601_DM_v1.1_20260425-2/04-LINK-3_ASM-1/2026-04-01-17-59-41-762-1/1-WIRE-CLIP-1-1;reBot_B601_DM_v1.1_20260425-2/04-LINK-3_ASM-1/2026-04-01-17-54-20-953-1/2-M5-BASE-1;reBot_B601_DM_v1.1_20260425-2/04-LINK-3_ASM-1/2026-04-01-17-53-05-654-1/DM-J4310-1;reBot_B601_DM_v1.1_20260425-2/04-LINK-3_ASM-1/2026-04-01-17-59-41-762-1/1-WIRE-SLIP-COVER-1-1,right_zuo_4,zhou_right_4,a_right_joint4,revolute,0.2426,-0.0019048,0.054146,0,0,0,a_right_link3,0,1,0,0,0,-1.57,0,,,,,,,,
a_right_link5,-0.00208877175564695,0.000146333125480402,-0.0617707400113767,0,0,0,0.134196923597164,6.30645781521061E-05,-3.96600950284591E-10,-2.95074058468272E-06,5.02585986604239E-05,-1.15473261874524E-08,5.06366197625945E-05,0,0,0,0,0,0,package://HEI_robot_urdf/meshes/a_right_link5.STL,0.627450980392157,0.627450980392157,0.627450980392157,1,0,0,0,0,0,0,package://HEI_robot_urdf/meshes/a_right_link5.STL,,reBot_B601_DM_v1.1_20260425-2/2026-04-01-17-02-36-958-1/2026-04-01-13-55-23-871-1/2-SHAFT-SLEEVE-ROTATOR-1-1;reBot_B601_DM_v1.1_20260425-2/2026-04-01-17-02-36-958-1/2026-04-01-13-55-23-871-1/2-M5-ROTOR-L-1;reBot_B601_DM_v1.1_20260425-2/2026-04-01-17-02-36-958-1/2026-04-01-13-55-23-873-1/2026-04-15-13-08-44-630-1;reBot_B601_DM_v1.1_20260425-2/2026-04-01-17-02-36-958-1/2026-04-01-13-55-23-873-1/1-WIRE-CLIP-2-1;reBot_B601_DM_v1.1_20260425-2/2026-04-01-17-02-36-958-1/2026-04-01-13-55-23-870-1/DM-J4310-1,right_zuo_5,zhou_right_5,a_right_joint5,revolute,0.078308,-0.0029167,0.062583,0,0,0,a_right_link4,0,0,-1,0,0,-1.57,0,,,,,,,,
a_right_link6,0.0655269830862821,6.98989603294398E-05,-0.000143922297662025,0,0,0,0.190049959858017,0.000238291784054067,2.77595287970619E-07,4.6265238324488E-10,6.06056113590475E-05,1.15473333532183E-08,0.000208989508355962,0,0,0,0,0,0,package://HEI_robot_urdf/meshes/a_right_link6.STL,0.627450980392157,0.627450980392157,0.627450980392157,1,0,0,0,0,0,0,package://HEI_robot_urdf/meshes/a_right_link6.STL,,reBot_B601_DM_v1.1_20260425-2/05-GRIPPER_ASM-1/2026-04-01-13-55-23-863-1/2-M7-STATOR-1;reBot_B601_DM_v1.1_20260425-2/05-GRIPPER_ASM-1/2026-04-01-13-55-23-860-1/2026-04-15-13-08-44-630-1;reBot_B601_DM_v1.1_20260425-2/05-GRIPPER_ASM-1/2026-04-01-13-55-23-866-1/DM-J4310-1;reBot_B601_DM_v1.1_20260425-2/05-GRIPPER_ASM-1/2026-04-01-13-55-23-860-1/1-WIRE-CLIP-2-1;reBot_B601_DM_v1.1_20260425-2/2026-04-01-17-05-40-350-1/2026-04-01-13-55-23-894-1/2-RAIL-BASE-1-1;reBot_B601_DM_v1.1_20260425-2/2026-04-01-17-05-40-350-1/2026-04-01-13-55-23-899-1/1-RAIL-BASE-2-1;reBot_B601_DM_v1.1_20260425-2/2026-04-01-17-05-40-350-1/2026-04-01-13-55-23-888-1/6-RAIL-170-1,right_zuo_6,zhou_right_6,a_right_joint6,revolute,0.00046248,0.0001465,-0.065083,0,0,0,a_right_link5,1,0,0,0,0,-1.57,0,,,,,,,,
a_right_end_link_L_finger,-0.00689404649399478,0.000315868325163615,0.0145787769965504,0,0,0,0.0360026216215029,9.59705344847509E-06,2.87173799041489E-10,1.15084963980326E-06,7.71099568273147E-06,1.21005358945667E-07,6.03855574565004E-06,0,0,0,0,0,0,package://HEI_robot_urdf/meshes/a_right_end_link_L_finger.STL,0.627450980392157,0.627450980392157,0.627450980392157,1,0,0,0,0,0,0,package://HEI_robot_urdf/meshes/a_right_end_link_L_finger.STL,,reBot_B601_DM_v1.1_20260425-2/2026-04-01-17-05-40-350-1/2026-04-01-13-55-23-899-1/2026-03-01-16-08-09-250-1;reBot_B601_DM_v1.1_20260425-2/2026-04-01-17-05-40-350-1/2026-04-01-13-55-23-894-1/2-SLIDER-FIX-2;reBot_B601_DM_v1.1_20260425-2/2026-04-01-17-05-40-350-1/2026-04-01-13-55-23-888-1/6-SLIDER-2,right_zuo_left_finger,,a_right_end_joint_L_finger,prismatic,0.11203,0.0198,-0.0001465,1.5708,0,1.5708,a_right_link6,1,0,0,0,0,0,0.05,,,,,,,,
a_right_end_link_R_finger,0.00689404649400843,-0.000315868325161173,0.0145787769965503,0,0,0,0.036002621621504,9.59705344847523E-06,2.87173798985307E-10,-1.15084963980324E-06,7.71099568273156E-06,-1.21005358945714E-07,6.03855574565012E-06,0,0,0,0,0,0,package://HEI_robot_urdf/meshes/a_right_end_link_R_finger.STL,0.627450980392157,0.627450980392157,0.627450980392157,1,0,0,0,0,0,0,package://HEI_robot_urdf/meshes/a_right_end_link_R_finger.STL,,reBot_B601_DM_v1.1_20260425-2/2026-04-01-17-05-40-350-1/2026-04-01-13-55-23-894-1/2-SLIDER-FIX-1;reBot_B601_DM_v1.1_20260425-2/2026-04-01-17-05-40-350-1/2026-04-01-13-55-23-899-1/2026-03-01-16-08-09-250-2;reBot_B601_DM_v1.1_20260425-2/2026-04-01-17-05-40-350-1/2026-04-01-13-55-23-888-1/6-SLIDER-1,right_zuo_right_finger,,a_right_end_joint_R_finger,prismatic,0.11203,-0.0198,-0.0001465,1.5708,0,1.5708,a_right_link6,1,0,0,0,0,-0.05,0,,,,,,,,
b_left_base_link,6.56687475257545E-06,-2.07448407952004E-05,0.0349662004567832,0,0,0,0.402787177827538,0.000374256577061478,-1.90794270782182E-09,-1.15066164378584E-08,0.000359871786860784,-2.18240342013916E-07,0.000506483114499838,0,0,0,0,0,0,package://HEI_robot_urdf/meshes/b_left_base_link.STL,0.627450980392157,0.627450980392157,0.627450980392157,1,0,0,0,0,0,0,package://HEI_robot_urdf/meshes/b_left_base_link.STL,,reBot_B601_DM_v1.1_20260425-1/01-BASE-1_ASM-1/2026-04-01-17-13-05-853-1/1-BASE-UP-1-1;reBot_B601_DM_v1.1_20260425-1/01-BASE-1_ASM-1/2026-04-01-17-19-22-932-1/2-M1-STATOR-1-1;reBot_B601_DM_v1.1_20260425-1/01-BASE-1_ASM-1/2026-04-01-17-17-26-979-1/DM-J4340P-1,left_zuo_0,Axis_b_left_base_mount,b_left_base_mount,fixed,0.0959999999999936,0.229999999999997,-0.0559999999999987,0,0,0,lift_carriage_link,0,0,0,,,,,,,,,,,,
b_left_link1,9.64709983309539E-05,-0.000526979727385107,0.053926568137497,0,0,0,0.0833530095742862,8.53528283543612E-05,-5.36081765818526E-11,-8.1878892295527E-06,5.08845821808876E-05,-1.615379601727E-10,8.03432758912929E-05,0,0,0,0,0,0,package://HEI_robot_urdf/meshes/b_left_link1.STL,0.627450980392157,0.627450980392157,0.627450980392157,1,0,0,0,0,0,0,package://HEI_robot_urdf/meshes/b_left_link1.STL,,reBot_B601_DM_v1.1_20260425-1/2026-04-01-16-48-42-413-1/2026-04-01-17-24-05-844-1/2-M1-ROTOR-1-1;reBot_B601_DM_v1.1_20260425-1/2026-04-01-16-48-42-413-1/2026-04-01-17-24-05-844-1/2-U-PLATE-1-1;reBot_B601_DM_v1.1_20260425-1/2026-04-01-16-48-42-413-1/2026-04-01-17-26-50-842-1/1-SPACE-1-1;reBot_B601_DM_v1.1_20260425-1/2026-04-01-16-48-42-413-1/2026-04-01-17-24-05-844-1/2-SHAFT-SLEEVE-STATOR-1-1;reBot_B601_DM_v1.1_20260425-1/2026-04-01-16-48-42-413-1/2026-04-01-17-24-05-844-1/2-SHAFT-SLEEVE-ROTATOR-1-1,left_zuo_1,zhou_left_1,b_left_joint1,revolute,0,0,0.0365,0,0,0,b_left_base_link,0,0,1,0,0,-1.57,0,,,,,,,,
b_left_link2,-0.133519602682233,-0.00394435478055238,0.00303758034860246,0,0,0,0.712232480599123,0.000250481203869647,-2.55476037183068E-09,1.60716140964538E-06,0.00186099885731882,4.365464305687E-07,0.00186367449178524,0,0,0,0,0,0,package://HEI_robot_urdf/meshes/b_left_link2.STL,0.627450980392157,0.627450980392157,0.627450980392157,1,0,0,0,0,0,0,package://HEI_robot_urdf/meshes/b_left_link2.STL,,reBot_B601_DM_v1.1_20260425-1/02-LINK-1_ASM-1/2026-04-01-17-28-59-434-1/DM-J4340P-2;reBot_B601_DM_v1.1_20260425-1/02-LINK-1_ASM-1/2026-04-01-17-30-12-212-1/2-SPACE-STATOR-1-1;reBot_B601_DM_v1.1_20260425-1/02-LINK-1_ASM-1/2026-04-01-17-30-12-212-1/2-LINK-1-ARM-2;reBot_B601_DM_v1.1_20260425-1/02-LINK-1_ASM-1/2026-04-01-17-30-12-212-1/2-LINK-1-ARM-1;reBot_B601_DM_v1.1_20260425-1/02-LINK-1_ASM-1/2026-04-01-17-35-08-724-1/1-SPACE-DOWN-1;reBot_B601_DM_v1.1_20260425-1/02-LINK-1_ASM-1/2026-04-01-17-35-08-724-1/1-DOWN-DECORATION-R-1;reBot_B601_DM_v1.1_20260425-1/02-LINK-1_ASM-1/2026-04-01-17-35-08-724-1/1-DOWN-DECORATION-L-1;reBot_B601_DM_v1.1_20260425-1/02-LINK-1_ASM-1/2026-04-01-17-35-08-724-1/1-DOWN-COVER-1;reBot_B601_DM_v1.1_20260425-1/02-LINK-1_ASM-1/2026-04-01-17-28-59-434-1/DM-J4340P-1;reBot_B601_DM_v1.1_20260425-1/02-LINK-1_ASM-1/2026-04-01-17-30-12-212-1/2-SPACE-STATOR-1-2;reBot_B601_DM_v1.1_20260425-1/03-LINK-2_ASM-1/2026-04-01-17-44-53-197-1/2-SHAFT-SLEEVE-ROTATOR-1-1;reBot_B601_DM_v1.1_20260425-1/03-LINK-2_ASM-1/2026-04-01-17-44-53-197-1/2-SHAFT-SLEEVE-STATOR-1-1,left_zuo_2,zhou_left_2,b_left_joint2,revolute,0.02,0.004675,0.0897,0,0,0,b_left_link1,0,1,0,0,0,-1.57,0,,,,,,,,
b_left_link3,0.124143238540727,-0.00406903855105364,0.0545180984962952,0,0,0,0.522480631505201,0.000161229216943377,3.35132413362011E-06,-1.41844104093117E-05,0.00126503754401414,2.92510032032966E-07,0.00125871092960324,0,0,0,0,0,0,package://HEI_robot_urdf/meshes/b_left_link3.STL,0.627450980392157,0.627450980392157,0.627450980392157,1,0,0,0,0,0,0,package://HEI_robot_urdf/meshes/b_left_link3.STL,,reBot_B601_DM_v1.1_20260425-1/03-LINK-2_ASM-1/2026-04-01-17-44-53-197-1/2-CONNECTING-ROD-1-L-1;reBot_B601_DM_v1.1_20260425-1/03-LINK-2_ASM-1/2026-04-01-17-44-53-197-1/2-CONNECTING-ROD-1-R-1;reBot_B601_DM_v1.1_20260425-1/03-LINK-2_ASM-1/2026-04-01-17-46-12-194-1/1-HANDLE-1;reBot_B601_DM_v1.1_20260425-1/03-LINK-2_ASM-1/2026-04-01-17-44-53-197-1/1-LINK-2-ARM-L-1;reBot_B601_DM_v1.1_20260425-1/03-LINK-2_ASM-1/2026-04-01-17-44-53-197-1/2-LINK-2-ARM-R-1;reBot_B601_DM_v1.1_20260425-1/03-LINK-2_ASM-1/2026-04-01-17-46-12-194-1/2-SPACE-UP-1;reBot_B601_DM_v1.1_20260425-1/03-LINK-2_ASM-1/2026-04-01-17-46-12-194-1/1-UP-DECORATION-L-1;reBot_B601_DM_v1.1_20260425-1/03-LINK-2_ASM-1/2026-04-01-17-46-12-194-1/1-UP-DECORATION-R-1;reBot_B601_DM_v1.1_20260425-1/03-LINK-2_ASM-1/2026-04-01-17-46-12-194-1/1-UP-COVER-1;reBot_B601_DM_v1.1_20260425-1/03-LINK-2_ASM-1/2026-04-01-17-43-51-870-1/DM-J4310-1;reBot_B601_DM_v1.1_20260425-1/03-LINK-2_ASM-1/2026-04-01-17-44-53-197-1/2-SPACE-STATOR-1-1;reBot_B601_DM_v1.1_20260425-1/04-LINK-3_ASM-1/2026-04-01-17-54-20-953-1/2-SHAFT-SLEEVE-ROTATOR-1-1;reBot_B601_DM_v1.1_20260425-1/03-LINK-2_ASM-1/2026-04-01-17-44-53-197-1/2-SHAFT-SLEEVE-STATOR-1-2,left_zuo_3,zhou_left_3,b_left_joint3,revolute,-0.264,0,0,0,0,0,b_left_link2,0,1,0,0,0,-1.57,0,,,,,,,,
b_left_link4,0.0635507415134853,-0.00290463626253984,0.0533154389303478,0,0,0,0.182914566696858,7.12103382561406E-05,5.19329334923592E-08,-1.12301875027081E-05,9.9974925610874E-05,2.21796351678901E-07,0.000112296867508104,0,0,0,0,0,0,package://HEI_robot_urdf/meshes/b_left_link4.STL,0.627450980392157,0.627450980392157,0.627450980392157,1,0,0,0,0,0,0,package://HEI_robot_urdf/meshes/b_left_link4.STL,,reBot_B601_DM_v1.1_20260425-1/04-LINK-3_ASM-1/2026-04-01-17-54-20-953-1/2-CONNECTING-ROD-2-L-1;reBot_B601_DM_v1.1_20260425-1/04-LINK-3_ASM-1/2026-04-01-17-54-20-953-1/2-CONNECTING-ROD-2-R-1;reBot_B601_DM_v1.1_20260425-1/04-LINK-3_ASM-1/2026-04-01-17-59-41-762-1/1-WIRE-CLIP-1-1;reBot_B601_DM_v1.1_20260425-1/04-LINK-3_ASM-1/2026-04-01-17-54-20-953-1/2-M5-BASE-1;reBot_B601_DM_v1.1_20260425-1/04-LINK-3_ASM-1/2026-04-01-17-59-41-762-1/1-WIRE-SLIP-COVER-1-1;reBot_B601_DM_v1.1_20260425-1/04-LINK-3_ASM-1/2026-04-01-17-53-05-654-1/DM-J4310-1,left_zuo_4,zhou_left_4,b_left_joint4,revolute,0.2426,-0.0019048,0.054146,0,0,0,b_left_link3,0,1,0,0,0,-1.57,0,,,,,,,,
b_left_link5,-0.00208877070962057,0.000146333659631459,-0.0617707408527026,0,0,0,0.13419693099409,6.30645810249875E-05,-3.97722301612436E-10,-2.95073916859934E-06,5.02586023460721E-05,-1.15461209779935E-08,5.06366222855533E-05,0,0,0,0,0,0,package://HEI_robot_urdf/meshes/b_left_link5.STL,0.627450980392157,0.627450980392157,0.627450980392157,1,0,0,0,0,0,0,package://HEI_robot_urdf/meshes/b_left_link5.STL,,reBot_B601_DM_v1.1_20260425-1/2026-04-01-17-02-36-958-1/2026-04-01-13-55-23-871-1/2-SHAFT-SLEEVE-ROTATOR-1-1;reBot_B601_DM_v1.1_20260425-1/2026-04-01-17-02-36-958-1/2026-04-01-13-55-23-871-1/2-M5-ROTOR-L-1;reBot_B601_DM_v1.1_20260425-1/2026-04-01-17-02-36-958-1/2026-04-01-13-55-23-873-1/2026-04-15-13-08-44-630-1;reBot_B601_DM_v1.1_20260425-1/2026-04-01-17-02-36-958-1/2026-04-01-13-55-23-873-1/1-WIRE-CLIP-2-1;reBot_B601_DM_v1.1_20260425-1/2026-04-01-17-02-36-958-1/2026-04-01-13-55-23-870-1/DM-J4310-1,left_zuo_5,zhou_left_5,b_left_joint5,revolute,0.078308,-0.0029167,0.062583,0,0,0,b_left_link4,0,0,-1,0,0,-1.57,0,,,,,,,,
b_left_link6,0.0655269834620256,6.98982348214527E-05,-0.000143921144488912,0,0,0,0.190049969206605,0.000238291787627558,2.77597409538084E-07,4.5935617982899E-10,6.06056147668866E-05,1.15461857762173E-08,0.000208989512345526,0,0,0,0,0,0,package://HEI_robot_urdf/meshes/b_left_link6.STL,0.627450980392157,0.627450980392157,0.627450980392157,1,0,0,0,0,0,0,package://HEI_robot_urdf/meshes/b_left_link6.STL,,reBot_B601_DM_v1.1_20260425-1/05-GRIPPER_ASM-1/2026-04-01-13-55-23-863-1/2-M7-STATOR-1;reBot_B601_DM_v1.1_20260425-1/05-GRIPPER_ASM-1/2026-04-01-13-55-23-860-1/2026-04-15-13-08-44-630-1;reBot_B601_DM_v1.1_20260425-1/05-GRIPPER_ASM-1/2026-04-01-13-55-23-860-1/1-WIRE-CLIP-2-1;reBot_B601_DM_v1.1_20260425-1/05-GRIPPER_ASM-1/2026-04-01-13-55-23-866-1/DM-J4310-1;reBot_B601_DM_v1.1_20260425-1/2026-04-01-17-05-40-350-1/2026-04-01-13-55-23-894-1/2-RAIL-BASE-1-1;reBot_B601_DM_v1.1_20260425-1/2026-04-01-17-05-40-350-1/2026-04-01-13-55-23-899-1/1-RAIL-BASE-2-1;reBot_B601_DM_v1.1_20260425-1/2026-04-01-17-05-40-350-1/2026-04-01-13-55-23-888-1/6-RAIL-170-1,left_zuo_6,zhou_left_6,b_left_joint6,revolute,0.00046248,0.0001465,-0.065083,0,0,0,b_left_link5,1,0,0,0,0,-1.57,0,,,,,,,,
b_left_end_link_L_finger,-0.00689404649399358,0.000315868325160507,0.0145787769965502,0,0,0,0.0360026216215031,9.59705344847519E-06,2.87173799025908E-10,1.15084963980325E-06,7.71099568273153E-06,1.21005358945671E-07,6.03855574565008E-06,0,0,0,0,0,0,package://HEI_robot_urdf/meshes/b_left_end_link_L_finger.STL,0.627450980392157,0.627450980392157,0.627450980392157,1,0,0,0,0,0,0,package://HEI_robot_urdf/meshes/b_left_end_link_L_finger.STL,,reBot_B601_DM_v1.1_20260425-1/2026-04-01-17-05-40-350-1/2026-04-01-13-55-23-888-1/6-SLIDER-2;reBot_B601_DM_v1.1_20260425-1/2026-04-01-17-05-40-350-1/2026-04-01-13-55-23-894-1/2-SLIDER-FIX-2;reBot_B601_DM_v1.1_20260425-1/2026-04-01-17-05-40-350-1/2026-04-01-13-55-23-899-1/2026-03-01-16-08-09-250-1,left_zuo_left_finger,,b_left_end_joint_L_finger,prismatic,0.11203,0.0198,-0.0001465,1.5708,0,1.5708,b_left_link6,1,0,0,0,0,0,0.05,,,,,,,,
b_left_end_link_R_finger,0.00689404649400949,-0.000315868325164059,0.0145787769965494,0,0,0,0.0360026216215044,9.5970534484752E-06,2.87173798994255E-10,-1.15084963980325E-06,7.71099568273151E-06,-1.21005358945697E-07,6.03855574565013E-06,0,0,0,0,0,0,package://HEI_robot_urdf/meshes/b_left_end_link_R_finger.STL,0.627450980392157,0.627450980392157,0.627450980392157,1,0,0,0,0,0,0,package://HEI_robot_urdf/meshes/b_left_end_link_R_finger.STL,,reBot_B601_DM_v1.1_20260425-1/2026-04-01-17-05-40-350-1/2026-04-01-13-55-23-888-1/6-SLIDER-1;reBot_B601_DM_v1.1_20260425-1/2026-04-01-17-05-40-350-1/2026-04-01-13-55-23-894-1/2-SLIDER-FIX-1;reBot_B601_DM_v1.1_20260425-1/2026-04-01-17-05-40-350-1/2026-04-01-13-55-23-899-1/2026-03-01-16-08-09-250-2,left_zuo_right_finger,,b_left_end_joint_R_finger,prismatic,0.11203,-0.0198,-0.0001465,1.5708,0,1.5708,b_left_link6,1,0,0,0,0,-0.05,0,,,,,,,,
